{
  "metadata": {
    "timestamp": "20251120_091726",
    "model_path": "/content/drive/MyDrive/Translation Model/model/afriteva_large",
    "output_dir": "/content/drive/MyDrive/Translation Model/finetuned_model/final_model",
    "total_samples": 101906,
    "train_samples": 81526,
    "val_samples": 10190,
    "test_samples": 10190,
    "training_config": {
      "batch_size": 32,
      "gradient_accumulation_steps": 2,
      "effective_batch_size": 64,
      "learning_rate": 3e-05,
      "num_epochs": 18,
      "max_length": 128,
      "warmup_steps": 300,
      "early_stopping_patience": 3,
      "save_steps": 6000
    },
    "timing": {
      "training_duration_seconds": 19310.870081,
      "training_duration_hours": 5.364130578055556,
      "evaluation_duration_seconds": 1223.915919,
      "total_duration_hours": 5.733278920555555
    }
  },
  "metrics": {
    "bleu": 0.16299432792988583,
    "bleu_1": 0.4857350031434291,
    "bleu_2": 0.22334903103809603,
    "bleu_3": 0.118357932807019,
    "bleu_4": 0.06640085340048615,
    "meteor": 0.4626347088490042,
    "rouge1": 0.5882856026145843,
    "rouge2": 0.3434264404086754,
    "rougeL": 0.5172690689498185,
    "rougeLsum": 0.5172426321459171,
    "chrf": 39.28409599865716,
    "ter": 68.52434835746044
  }
}
